<?xml version="1.0" encoding="utf-8"?>
<ApplicationInstallerManifest>
   <DefaultInstallationDirectory>/Applications/Ruhr_University_Bochum/PECSim/</DefaultInstallationDirectory>
   <ApplicationName>PECSim</ApplicationName>
   <ExecutableName>application/PECSim.exe</ExecutableName>
   <GUID>47b17dc0-7802-4c19-b730-8dcb953a52fc</GUID>
   <ApplicationIcon>default_icon_48.png</ApplicationIcon>
   <Logo>logo680241378687076027.tmp</Logo>
   <Version>1.02</Version>
   <InstallationNotes>In the following directions, replace MR/v96 by the directory on the target machine where MATLAB is installed, or MR by the directory where the MATLAB Runtime is installed.

If the environment variable DYLD_LIBRARY_PATH is undefined, set it to the following string:

MR/v96/runtime/maci64:MR/v96/sys/os/maci64:MR/v96/bin/maci64

If it is defined, set it to the following:

${DYLD_LIBRARY_PATH}:MR/v96/runtime/maci64:MR/v96/sys/os/maci64:MR/v96/bin/maci64
</InstallationNotes>
   <AuthorOrganization>Ruhr University Bochum</AuthorOrganization>
   <WelcomePanelText>PECSim 1.02

PECSim for redox-active Film based Photoelectrodes
 Version: 1.02 			[bug reports to thomas.hoefer@rub.de] 

This software can be used to simulate photoelectrodes based on redox-active films (mediated electron transfer). Different models can be selected under "Choose appropriate Model" or "Menu -&gt; Model (Ctrl + M)". The simulation is only valid under various assumptions, please check the publication below (Open access) to find out if one of the models fit for your system. This paper could serve as a general literature citation when the PECSim software is employed for the simulation of redox active film based biophotoelectrodes:

Buesen, D.; Hoefer, T.; Zhang, H.; Plumere, N. A Kinetic Model for Redox-Active Film Based Biophotoelectrodes. Faraday Discuss. 2019. https://doi.org/10.1039/C8FD00168E.

Thomas Hoefer and Darren Buesen
thomas.hoefer@rub.de</WelcomePanelText>
   <MCRProducts>
      <MCRProduct>
         <ExternalProductIdentifier>35000</ExternalProductIdentifier>
      </MCRProduct>
      <MCRProduct>
         <ExternalProductIdentifier>35010</ExternalProductIdentifier>
      </MCRProduct>
   </MCRProducts>
</ApplicationInstallerManifest>